id;description;sort_order;date_added;date_modified;status
1;mobile Fish;77969;2019-07-25;2019-07-25;DISABLED
2;Practical Fresh Pants;60111;2019-07-26;2019-07-25;RESTRICTED
3;Implementation Electronics Officer;61748;2019-07-25;2019-07-25;DISABLED
4;Investment Account Steel;29214;2019-07-25;2019-07-25;RESTRICTED
5;Savings Account syndicate Planner;46676;2019-07-26;2019-07-25;AVAILABLE
6;Factors;96563;2019-07-25;2019-07-25;RESTRICTED
7;Monitored Bahamian Dollar Investment Account;83319;2019-07-26;2019-07-26;RESTRICTED
8;Costa Rica Mayotte;18485;2019-07-26;2019-07-25;DISABLED
9;capacitor archive;57044;2019-07-26;2019-07-25;RESTRICTED
10;scale interactive generating;35675;2019-07-25;2019-07-26;RESTRICTED
