id;title;keywords;description;rating;date_added;date_modified
1;Car Industrial deliverables;orange Books;magenta monitor 1080p;60595;2019-07-26;2019-07-25
2;deposit Internal;Investment Account archive Fantastic Plastic Chicken;payment;59129;2019-07-25;2019-07-26
3;Mississippi embrace Developer;synthesize Idaho compress;Sleek Metal Table Small;43933;2019-07-26;2019-07-26
4;Dynamic;knowledge base Buckinghamshire;Concrete Investment Account Saint Lucia;20306;2019-07-26;2019-07-25
5;Money Market Account;Salad Web virtual;Refined Squares;21844;2019-07-26;2019-07-25
6;EXE projection Fresh;support Gorgeous;withdrawal;52;2019-07-25;2019-07-25
7;ability Hat Iraq;magenta Concrete;User-centric Gloves;21876;2019-07-25;2019-07-25
8;facilitate Tasty Concrete Chips Exclusive;Buckinghamshire capability zero tolerance;mission-critical;97661;2019-07-25;2019-07-25
9;Home;Investor Public-key;Lebanon;44778;2019-07-25;2019-07-25
10;Credit Card Account;navigate;Re-contextualized;80313;2019-07-25;2019-07-25
